<?xml version="1.0" encoding="utf-8"?>
<!--pfd autopilot display panel for dash8-400q by Alex Park-->
<PropertyList>

<path>pfd-1.ac</path>

<!--here we select the lateral mode heading to display on the pfd-->
<animation>
<type>select</type>
<object-name>lat-mode-engaged</object-name>
<condition>
<equals>
<property>/autopilot/locks/heading</property>
<value>heading-hold</value>
</equals>
</condition>
</animation>

<!--this part moves the object to display the correct texture-->
<animation>
<type>textranslate</type>
<object-name>lat-mode-engaged</object-name>
<property>/autopilot/locks/heading</property>
<factor>0.928564</factor>
<step>1</step>
<axis>
<x>0</x>
<y>0</y>
<z>-1</z>
</axis>
</animation>

<!--here we select the lateral mode heading to display hold on the pfd-->
<animation>
<type>select</type>
<object-name>hold.01</object-name>
<condition>
<equals>
<property>/autopilot/locks/heading</property>
<value>heading-hold</value>
</equals>
</condition>
</animation>

<!--this part moves the object to display the correct texture-->
<animation>
<type>textranslate</type>
<object-name>hold.01</object-name>
<property>/autopilot/locks/heading</property>
<factor>0.785708</factor>
<step>1</step>
<axis>
<x>0</x>
<y>0</y>
<z>-1</z>
</axis>
</animation>

<!--here we select the lateral mode wings level to display on the pfd-->
<animation>
<type>select</type>
<object-name>lat-mode-engaged</object-name>
<condition>
<equals>
<property>/autopilot/locks/heading</property>
<value>wing-leveler</value>
</equals>
</condition>
</animation>

<!--this part moves the object to display the correct texture-->
<animation>
<type>textranslate</type>
<object-name>lat-mode-engaged</object-name>
<property>/autopilot/locks/heading/wing-leveler</property>
<factor>0.928564</factor>
<step>1</step>
<axis>
<x>0</x>
<y>0</y>
<z>-1</z>
</axis>
</animation>

<!--here we select the lateral mode heading to display hold on the pfd-->
<animation>
<type>select</type>
<object-name>hold.01</object-name>
<condition>
<equals>
<property>/autopilot/locks/heading</property>
<value>heading-hold</value>
</equals>
</condition>
</animation>

<!--this part moves the object to display the correct texture-->
<animation>
<type>textranslate</type>
<object-name>hold.01</object-name>
<property>/autopilot/locks/heading</property>
<factor>0.785708</factor>
<step>1</step>
<axis>
<x>0</x>
<y>0</y>
<z>-1</z>
</axis>
</animation>

<!--here we select the lateral mode lnav to display on the pfd-->
<animation>
<type>select</type>
<object-name>lat-mode-engaged</object-name>
<condition>
<equals>
<property>/autopilot/locks/heading</property>
<value>true-heading-hold</value>
</equals>
</condition>
</animation>

<!--this part moves the object to display the correct texture-->
<animation>
<type>textranslate</type>
<object-name>lat-mode-engaged</object-name>
<property>/autopilot/locks/heading/true-heading-hold</property>
<factor>0.35714</factor>
<step>1</step>
<axis>
<x>0</x>
<y>0</y>
<z>-1</z>
</axis>
</animation>

<!--here we select the lateral mode heading to display hold on the pfd-->
<animation>
<type>select</type>
<object-name>hold.01</object-name>
<condition>
<equals>
<property>/autopilot/locks/heading</property>
<value>true-heading-hold</value>
</equals>
</condition>
</animation>

<!--this part moves the object to display the correct texture-->
<animation>
<type>textranslate</type>
<object-name>hold.01</object-name>
<property>/autopilot/locks/heading/true-heading-hold</property>
<factor>0.785708</factor>
<step>1</step>
<axis>
<x>0</x>
<y>0</y>
<z>-1</z>
</axis>
</animation>

</PropertyList>